"network","hash","block_time","task_address","token","amount","amount_usd"
"polygon","0x3216ec5fc36d7fd550000f45071ff1ac806cc8fffedf64ea81bde5c884a9db55","2023-08-04 14:30:27+00","0x5472d1eeae98167b580d7eaa552ea48471fbb411","0x0d500b1d8e8ef31e21c99d1db9a6444d3adf1270","1257531781994369808460","845.6509142038649"
"polygon","0xd84fbb9cd6862c8c44634499f7bc8b4dfeaf4f5b4fe892f42afb6d4a4899619f","2023-08-04 14:34:19+00","0x5472d1eeae98167b580d7eaa552ea48471fbb411","0x3a58a54c066fdc0f2d55fc9c89f0415c92ebf3c4","210995871845256469274","153.422836889539"
"polygon","0x7eb5ffe5493828cdbe9e9928c16f234c5a769d0a78347284c5263c2ba369b549","2023-08-04 14:34:33+00","0x5472d1eeae98167b580d7eaa552ea48471fbb411","0x431cd3c9ac9fc73644bf68bf5691f4b83f9e104f","5712063664611180408604","105.07269157586599"
"arbitrum","0x5f85fcb808eb46a846c6afd1d575818314f7eb49c59bdc3588175248eb1c0020","2023-08-04 15:06:24+00","0x141f6a444ab4ec550db20c829b25b15feae89f15","0xff970a61a04b1ca14834a43f5de4533ebddb5cc8","126858120","126.81028803116435"
"arbitrum","0x79de8f35fb8bd945bc72d7b09c1758c6a772a641a7e525893c1d67f6d377fca6","2023-08-04 15:18:33+00","0xb08de4da9ab2f2675268a2515d226c2ce371d26f","0x6a7661795c374c0bfc635934efaddff3a7ee23b6","182888522348032005692","180.707821882542"
"arbitrum","0xa5dcffc6c2a1e37b133603e238e81b73659977e49c5a94aed59cb94ebfa44f2a","2023-08-04 15:20:19+00","0x141f6a444ab4ec550db20c829b25b15feae89f15","0xc6eee8cb7643ec2f05f46d569e9ec8ef8b41b389","118987397167441610749","119.015577795928"
"arbitrum","0x60b67edc1fc773f6453a2d1426e638308200f61dbbb75f214cb962cc475aa9ba","2023-08-04 15:20:38+00","0x141f6a444ab4ec550db20c829b25b15feae89f15","0x8bc65eed474d1a00555825c91feab6a8255c2107","101683668683085791828","100.96144344814"
"polygon","0x21a9705b7cdfe116728fe418758f0ad36c9b0907a8c09c1bdc89539e3e29320f","2023-08-05 02:59:00+00","0xaa3605b38827a1c7721e73bf4fa3c8fa2dd488ed","0xf0ad209e2e969eaaa8c882aac71f02d8a047d5c2","163244040600351991846","100.49554649237713"
"arbitrum","0x35f3943a808df0fda631e5c8f88101a13d2468f2526a803eb19f78746d0862c7","2023-08-05 03:20:06+00","0x141f6a444ab4ec550db20c829b25b15feae89f15","0xc6eee8cb7643ec2f05f46d569e9ec8ef8b41b389","161886112043229472575","161.980899648561"
"arbitrum","0x0eb7f839b343c20fc062e24a63232b1654b12927dd587267d7aabdeec9864f01","2023-08-05 03:20:32+00","0x141f6a444ab4ec550db20c829b25b15feae89f15","0x45c4d1376943ab28802b995acffc04903eb5223f","83485531643110707","152.893702979327"
"polygon","0xf01dd7c86f38abdbac145fe6652b32e5f91f21b81517069ad7cd0fc86bd459ca","2023-08-05 14:34:22+00","0x5472d1eeae98167b580d7eaa552ea48471fbb411","0x62f594339830b90ae4c084ae7d223ffafd9658a7","104701870568666410991948","148.303199606236"
"polygon","0x6e32bf99b7dba287d29d4abd871ecc4a04386403ba60aa8e087f3c167ca2f3ef","2023-08-05 14:41:18+00","0x5472d1eeae98167b580d7eaa552ea48471fbb411","0x49e6a20f1bbdfeec2a8222e052000bbb14ee6007","124100819000866766228","1245.6961867931002"
"polygon","0xa18dc77b355150a347dd2dfe04266347d22dbb02702dcd5ad6d2a2719c5678cc","2023-08-05 14:49:56+00","0xaa3605b38827a1c7721e73bf4fa3c8fa2dd488ed","0x625bfdd5052c27c45c8482efb26990af66aea94a","620141565703489528854",NULL
"arbitrum","0xec84314aaacf25d98e9a70457e66b53ca4eb4d3e5b748b2dbb34acbbad3cafcc","2023-08-05 15:18:53+00","0x141f6a444ab4ec550db20c829b25b15feae89f15","0xc6eee8cb7643ec2f05f46d569e9ec8ef8b41b389","143189348712612854387","143.38567159357999"
"arbitrum","0xe5b03077c18c9aa483fd1584daf922d2dd25f8b32349ef919a4d4ca45eef3499","2023-08-05 15:19:31+00","0x141f6a444ab4ec550db20c829b25b15feae89f15","0xbe0f30217be1e981add883848d0773a86d2d2cd4","62658293558338066","115.06934191662"
"polygon","0xc50132bc053b282b3118ec8cffa8a2df9a1aaf2391f6b958d562215328043f00","2023-08-06 02:30:27+00","0x5472d1eeae98167b580d7eaa552ea48471fbb411","0x0d500b1d8e8ef31e21c99d1db9a6444d3adf1270","296670576877912957751","199.56415847443802"
"polygon","0x07a91f0e827c005a13c392c1b8f8410ba7a7bae32dc4cf045a45d162d8e9e624","2023-08-06 02:33:29+00","0x5472d1eeae98167b580d7eaa552ea48471fbb411","0xee9a352f6aac4af1a5b9f467f6a93e0ffbe9dd35","498051084561182247319","108.549787098348"
"polygon","0x91bb481aa663668044843faae50fe4e54ea04c68c0bf88e3770403f72e0d64e8","2023-08-06 02:34:01+00","0x5472d1eeae98167b580d7eaa552ea48471fbb411","0x3a58a54c066fdc0f2d55fc9c89f0415c92ebf3c4","140443803208377721077","101.85447573039602"
"polygon","0x46e78ea2690496bd5b462f88e4c018ab9847a1a5c262bd7b4f088da523880c79","2023-08-06 02:52:37+00","0xaa3605b38827a1c7721e73bf4fa3c8fa2dd488ed","0x513cdee00251f39de280d9e5f771a6eafebcc88e","99520984238223791245",NULL
"arbitrum","0x75436843c3c0167810af9de7e0d0cf6555e72b3f77640a47d481288ed3b0c597","2023-08-06 03:05:50+00","0xb08de4da9ab2f2675268a2515d226c2ce371d26f","0x040d1edc9569d4bab2d15287dc5a4f10f56a56b8","26325772204677235793","111.633099428537"
"arbitrum","0x53d4f5c7e9dc3cce290516983edd281bfb5bc3d0a80a38bcf8aaec11d8f6fe81","2023-08-06 03:06:39+00","0xb08de4da9ab2f2675268a2515d226c2ce371d26f","0x82af49447d8a07e3bd95bd0d56f35241523fbab1","63407934922063071","116.54548872964499"
"arbitrum","0x21bd2929098acb4a1588fd09e89976e00e0e8ce7cf9e8dc47a06f8d48e232f05","2023-08-06 03:07:07+00","0x141f6a444ab4ec550db20c829b25b15feae89f15","0x6694340fc020c5e6b96567843da2df01b2ce1eb6","368273608141459883536","232.370920705625"
"arbitrum","0x2923c534d9cc9ea6008c173974b82f6cecae85362e69f4b7e5e7ff1681c8dae3","2023-08-06 03:07:23+00","0x141f6a444ab4ec550db20c829b25b15feae89f15","0x5979d7b546e38e414f7e9822514be443a4800529","534738607188787674","1114.727155239465"
"arbitrum","0x7b424f57872c35807b61b0a3382aac8947a6e9f40ca3e672f889645a318857aa","2023-08-06 03:07:41+00","0x141f6a444ab4ec550db20c829b25b15feae89f15","0x539bde0d7dbd336b79148aa742883198bbf60342","188364376651277030609","147.808306517254"
"arbitrum","0xf89c2e18ed847f6955ce51987ccbcd60c785570bd833b902553a66ee48a9018e","2023-08-06 03:10:42+00","0x5e0690f80279947fdfd9ba92822b28ccf01fe3f8","0xc764b55852f8849ae69923e45ce077a576bf9a8d","24421563704000496216","82.16514406085909"
"arbitrum","0xf02bbbb07471cd0ea1e2b26df92c14f871ddb14ba5e3f18784aad8f7960faa0a","2023-08-06 03:11:35+00","0x5e0690f80279947fdfd9ba92822b28ccf01fe3f8","0xce6195089b302633ed60f3f427d1380f6a2bfbc7","31059927695379229183","50.63179947312799"
"arbitrum","0xbde7de81b2095d125edfec3fcd3494300df80373c552d3c91b8ac8152efcdf87","2023-08-06 03:20:16+00","0x141f6a444ab4ec550db20c829b25b15feae89f15","0xc6eee8cb7643ec2f05f46d569e9ec8ef8b41b389","125203400786858721338","125.46143193500001"
"polygon","0x147441625efb2628473cbb0fd4e382124879efb36763c419cfaa98716a3ba04a","2023-08-06 14:33:09+00","0x5472d1eeae98167b580d7eaa552ea48471fbb411","0x4e3decbb3645551b8a19f0ea1678079fcb33fb4c","99261025192265118969","108.80850659861301"
"polygon","0xd923d3fb590851a474c5aa521bf95f91c51c49c684a14d35315893a257423f6e","2023-08-06 14:57:49+00","0xaa3605b38827a1c7721e73bf4fa3c8fa2dd488ed","0xf0ad209e2e969eaaa8c882aac71f02d8a047d5c2","199743110868525802198","124.71172434418978"
"polygon","0x95a8c10948767a1808a07b610969becdedbdbc5d92090431facc51c81f93f2cc","2023-08-06 15:10:06+00","0xf36871c460d452802dab7af5e3b2a9eb2b74cf38","0x402cfdb7781fa85d52f425352661128250b79e12","708562058540359036646","472.68678518833497"
"arbitrum","0x5869cd3e5e0e6e31851f20b38daf70f99e39dd616b9d477495fa25e3c7c7d1ad","2023-08-06 15:11:14+00","0x5e0690f80279947fdfd9ba92822b28ccf01fe3f8","0xc9f52540976385a84bf416903e1ca3983c539e34","19467094138161337","71.08024182937703"
"arbitrum","0xb14519717db539d588ae530e17e80c36da83c7c8d4ffad265623498c4da16df8","2023-08-06 15:13:14+00","0x141f6a444ab4ec550db20c829b25b15feae89f15","0xff970a61a04b1ca14834a43f5de4533ebddb5cc8","121012520","121.32315913884"
"arbitrum","0x1fbc8ac5dd211ec8c7539a727786169895cff6704f111b394f49935d9179e250","2023-08-06 15:19:51+00","0x141f6a444ab4ec550db20c829b25b15feae89f15","0x45c4d1376943ab28802b995acffc04903eb5223f","65022400725558664","119.289509909616"
"optimism","0x44c43a78f21e9eb5c6ea9f6379d192c65543a9345bad9d77646aa4b4e50ce027","2023-08-06 22:00:45+00","0xd6532b1cf77a6da3e7b4d2a23a01916b0619e87e","0x1f32b1c2345538c0c6f582fcb022739c4a194ebb","118593069516724039","246.028368658968"
"optimism","0x13e13f366864edf50fd502fbed7dc2031282684e2e41bc4f2bd8d2c247ecd158","2023-08-06 22:12:05+00","0xd6532b1cf77a6da3e7b4d2a23a01916b0619e87e","0x9bcef72be871e61ed4fbbc7630889bee758eb81d","544893145088872909","1076.366788040576"
"optimism","0x28218937782698050623cd595b28d87597f529f4db87cc631253b0c17793f415","2023-08-06 22:12:51+00","0xd6532b1cf77a6da3e7b4d2a23a01916b0619e87e","0x39fde572a18448f8139b7788099f0a0740f51205","2269585976842141396454","114.525373002464"
"optimism","0x6ff21b5b4d3f236d70feb2f369dc91bfa44fedd41fc7aec25780424609bbc5f1","2023-08-06 22:15:49+00","0xc003b5e1f2e6b4758a1b01b6848921733fcd178e","0x7ca75bdea9dede97f8b13c6641b768650cb83782","77571897467405179","54.973622900284965"
"polygon","0x5b5864408179200d6068f27495aefbba36333f784a9db0b42dcafd0e2b81375e","2023-08-07 02:31:00+00","0x5472d1eeae98167b580d7eaa552ea48471fbb411","0x034b2090b579228482520c589dbd397c53fc51cc","338193973050422902700","125.330178970742"
"arbitrum","0x4fcd8ed7e1ac544aaefdbb247fe804a8d53f27ed7fdeff1bca8574b3a8c2fc79","2023-08-07 03:19:05+00","0x141f6a444ab4ec550db20c829b25b15feae89f15","0xc6eee8cb7643ec2f05f46d569e9ec8ef8b41b389","239144261965519868691","239.51791419600195"
"arbitrum","0x365c49001e384dbd56a4d5279147d60e1e6d3928bcefb01bbc3b06b6a3e62fd1","2023-08-07 03:19:28+00","0x141f6a444ab4ec550db20c829b25b15feae89f15","0x45c4d1376943ab28802b995acffc04903eb5223f","65689669924967961","121.24187189168099"
"optimism","0xabbf09041f2a20ca8e3631abd5debbf2ebaae7d62a9a0285c2c3f631661884d2","2023-08-07 10:13:27+00","0xd6532b1cf77a6da3e7b4d2a23a01916b0619e87e","0x9bcef72be871e61ed4fbbc7630889bee758eb81d","138049552446462318","273.07620313123505"
"polygon","0x6b4bb444bc049c5f4a54b640ee73d42e455afe84dc3b15751380e8e6d2943fef","2023-08-07 14:30:39+00","0x5472d1eeae98167b580d7eaa552ea48471fbb411","0x0d500b1d8e8ef31e21c99d1db9a6444d3adf1270","169628548107329881106","112.948465636604"
"polygon","0xa5ca3f34c739da07604e9b87799580f6bd6c63d683496503577cb5fe47ad290a","2023-08-07 14:31:21+00","0x5472d1eeae98167b580d7eaa552ea48471fbb411","0xdf7837de1f2fa4631d716cf2502f8b230f1dcc32","51582003","681.9320298161559"
"polygon","0x124662e13608596eca920f5e1f633814273737fffa8d1121391e2cbddb32fb0c","2023-08-07 14:34:40+00","0x5472d1eeae98167b580d7eaa552ea48471fbb411","0x3a58a54c066fdc0f2d55fc9c89f0415c92ebf3c4","173274984395865955845","124.82545384846"
"arbitrum","0x3b550fde14196b11d5117382b0774ba9ee730c5e4bf8cec3244179cc62e1f84b","2023-08-07 15:19:21+00","0x5e0690f80279947fdfd9ba92822b28ccf01fe3f8","0xc6eee8cb7643ec2f05f46d569e9ec8ef8b41b389","113932622201421820013",NULL
"arbitrum","0x009432800275f7a7bff88ab8c7f1ff2ff5e99bb1b2f62dcc0ebdf00357045fb7","2023-08-07 15:19:41+00","0x141f6a444ab4ec550db20c829b25b15feae89f15","0x6cb787a419c3e6ee2e9ff365856c29cd10659113","113822749744785328656","114.059445138828"
"arbitrum","0xe76df2c3b8b496a7943eae5e3a8cab9537fcc760a2a52cbe44a10424c639fbdc","2023-08-08 03:07:02+00","0xb08de4da9ab2f2675268a2515d226c2ce371d26f","0x5979d7b546e38e414f7e9822514be443a4800529","343101631300862199","711.39677292294"
"arbitrum","0x23d7c07dd4f4fa0a3d23be57ae2878cf2a95238a774260e740de3a1433e0ed4d","2023-08-08 03:07:22+00","0xb08de4da9ab2f2675268a2515d226c2ce371d26f","0x539bde0d7dbd336b79148aa742883198bbf60342","206345318380220907882","156.272865200934"
"arbitrum","0x24e926985326453d204a25b08e4b36e4a1d5abfdbd2da2e6be3dbb08759eb876","2023-08-08 03:15:20+00","0x5e0690f80279947fdfd9ba92822b28ccf01fe3f8","0x32df62dc3aed2cd6224193052ce665dc18165841","3400016266747849139939","951.2187857267362"
"arbitrum","0x531ef7b2e5199119e89398811aeabb62843b5692989450abaf5e5031e1c557f7","2023-08-08 03:15:58+00","0xb08de4da9ab2f2675268a2515d226c2ce371d26f","0x3082cc23568ea640225c2467653db90e9250aaa0","13149888078616825886183","3799.8786618489453"
"arbitrum","0x3095280790210560c645378901a35125121a278f5c0123aaaa7b33afeca252c4","2023-08-08 03:17:03+00","0x5e0690f80279947fdfd9ba92822b28ccf01fe3f8","0xbcaa6c053cab3dd73a2e898d89a4f84a180ae1ca","432626446759968672064","265.8238017115493"
"arbitrum","0xbe2ad48e7af01309adafb6a431fb9b8efc2530d54b251c2fa08d75a310f03563","2023-08-08 03:17:35+00","0x5e0690f80279947fdfd9ba92822b28ccf01fe3f8","0xc7fa3a3527435720f0e2a4c1378335324dd4f9b3","3802400403179296093","206.4359013728881"
"arbitrum","0xc6cedcb34b63b9cb7a0267eda34e24778539f47b2d33e36f07436b257800eb41","2023-08-08 03:18:34+00","0xb08de4da9ab2f2675268a2515d226c2ce371d26f","0x223738a747383d6f9f827d95964e4d8e8ac754ce","21313967455205929310","247.70197534023504"
"arbitrum","0x082a5989c987e1389d40cee0d0f9fd314e4fa68ff5e20b6e972ef8460a940f71","2023-08-08 03:18:42+00","0xb08de4da9ab2f2675268a2515d226c2ce371d26f","0x1509706a6c66ca549ff0cb464de88231ddbe213b","205082006493708601344","263.09592624389506"
"arbitrum","0x127add10af388389268ad0cdf0b38a58832eb0eb582cebcf0a275bba0f4a05ed","2023-08-08 03:24:35+00","0x141f6a444ab4ec550db20c829b25b15feae89f15","0xc6eee8cb7643ec2f05f46d569e9ec8ef8b41b389","119982010902648943555","120.08251710553202"
"arbitrum","0xf8544ad557f60ed0c0052e265baf9b829c3703c8488aebc7c6f8a6140fb29168","2023-08-08 03:24:58+00","0x141f6a444ab4ec550db20c829b25b15feae89f15","0x45c4d1376943ab28802b995acffc04903eb5223f","87179499407949372","159.659421260522"
"arbitrum","0x26a1012dbf82bae92b8a7ac3d28e1849f2c5fe844b0815ad3d4f05a74d6647d6","2023-08-08 03:25:21+00","0x141f6a444ab4ec550db20c829b25b15feae89f15","0xbe0f30217be1e981add883848d0773a86d2d2cd4","57156510977918441","104.63503293976099"
"optimism","0xa712a24c613a330ff02d391ce984f8bcbc5f7deb3d76dfcdd74e004fa7960ae7","2023-08-08 10:16:57+00","0xc003b5e1f2e6b4758a1b01b6848921733fcd178e","0x7ca75bdea9dede97f8b13c6641b768650cb83782","88016101406099901","60.10154543158746"
"polygon","0xb6157a77ed24c8e74c62a25fcd67ce4ae053dfc55630f90a4f1f7621bf30a272","2023-08-08 15:18:02+00","0xf36871c460d452802dab7af5e3b2a9eb2b74cf38","0x402cfdb7781fa85d52f425352661128250b79e12","1009383747325506850461","682.2216451482301"
"arbitrum","0xb6a958826bd0b57fd2861742521d4564b11aaeedaed9d4bfb2c5700d08e54cc7","2023-08-08 15:24:36+00","0xb08de4da9ab2f2675268a2515d226c2ce371d26f","0x040d1edc9569d4bab2d15287dc5a4f10f56a56b8","88468417238642154588","373.69853541072905"
"arbitrum","0x8b7084115e8bd257ba234886d762f4c1deefa0eb9059a67502400a2a55a8db7a","2023-08-08 15:25:21+00","0xb08de4da9ab2f2675268a2515d226c2ce371d26f","0x82af49447d8a07e3bd95bd0d56f35241523fbab1","570042595396964165","1049.1884204548319"
"arbitrum","0x4d42de58f1862ef31a070398d05962027c29c0801a855693766b2d979e252971","2023-08-08 15:25:52+00","0xb08de4da9ab2f2675268a2515d226c2ce371d26f","0x5979d7b546e38e414f7e9822514be443a4800529","99501567153269458","207.909945125757"
"arbitrum","0xf4d8b747eb874626c824f3030f3f54488337465878a40ee0d46bdf453e4e2ab4","2023-08-08 15:26:32+00","0xb08de4da9ab2f2675268a2515d226c2ce371d26f","0x65c936f008bc34fe819bce9fa5afd9dc2d49977f","256560113335912517143","160.27153405187397"
"arbitrum","0xa93285b68b65e67034f2cf9b8d72f162cd03377e0e01537527586475667b4908","2023-08-08 15:28:58+00","0xb08de4da9ab2f2675268a2515d226c2ce371d26f","0x912ce59144191c1204e64559fe8253a0e49e6548","305855437894760777484","349.3075583683349"
"arbitrum","0x155a5ef735468ac5ab77ed26d95f7e2d1d951ff7a82520a15026887036daf137","2023-08-08 15:42:47+00","0x141f6a444ab4ec550db20c829b25b15feae89f15","0xc6eee8cb7643ec2f05f46d569e9ec8ef8b41b389","115497564766911747560","115.63411371801001"
"optimism","0xe468b01c16361fb25b426f8a2d2cbb08e88badb8b74d0689b8e13ceaf369b39c","2023-08-08 22:12:07+00","0xd6532b1cf77a6da3e7b4d2a23a01916b0619e87e","0x4200000000000000000000000000000000000006","545557708680214599","1012.2892073759899"
"optimism","0x86ef6c394d8e26733a15a71d5b1bbb79196c81563863214af91ca7d5c4079f8a","2023-08-08 22:12:41+00","0xd6532b1cf77a6da3e7b4d2a23a01916b0619e87e","0x1f32b1c2345538c0c6f582fcb022739c4a194ebb","90841819936249455","191.228567036721"
"polygon","0x8025525f1fda3ed8bb76c86077ba0510dd55f170fdca24c1d17ba7ced742c4c8","2023-08-09 02:30:36+00","0x5472d1eeae98167b580d7eaa552ea48471fbb411","0x0d500b1d8e8ef31e21c99d1db9a6444d3adf1270","207754425499033268029","142.519769885304"
"polygon","0xddbcd94cd95903ed2af73d4e9e843b51b271fad280902aef9d455139543bc90c","2023-08-09 02:31:04+00","0x5472d1eeae98167b580d7eaa552ea48471fbb411","0x7ceb23fd6bc0add59e62ac25578270cff1b9f619","81011774525043637","149.991740568495"
"polygon","0x3dbf1bedd81f05b32c2e08aca071f44645f3b82031e74824f280ce376b9b79f8","2023-08-09 02:31:34+00","0x5472d1eeae98167b580d7eaa552ea48471fbb411","0xdf7837de1f2fa4631d716cf2502f8b230f1dcc32","13785185","185.654142767232"
"polygon","0x92559e2b08618fe74c86f215a2d670cd63394e829867b60ca9930e60e21445b7","2023-08-09 02:58:59+00","0xaa3605b38827a1c7721e73bf4fa3c8fa2dd488ed","0xf0ad209e2e969eaaa8c882aac71f02d8a047d5c2","187284642074481333595","114.71465283654408"
"arbitrum","0x0b964138e896c44069265b5515b7f8fad66e708e4f2e37d948841a2347a2d3ae","2023-08-09 03:25:36+00","0xb08de4da9ab2f2675268a2515d226c2ce371d26f","0x5979d7b546e38e414f7e9822514be443a4800529","183176080087525919","385.37611036123303"
"arbitrum","0xb35f5ae0c8971506e374c1fb8153701735894f718cd93cd3397e49401d1e05bc","2023-08-09 03:30:06+00","0x141f6a444ab4ec550db20c829b25b15feae89f15","0x542f16da0efb162d20bf4358efa095b70a100f9e","3396618497236767","101.07169250181"
"arbitrum","0x73bfd849e6eeaeb6dc11aaae3f2875ef8d5f1035b70889dc08b212de433474ae","2023-08-09 03:41:45+00","0x141f6a444ab4ec550db20c829b25b15feae89f15","0x45c4d1376943ab28802b995acffc04903eb5223f","93899484662305696","174.26576006751"
"arbitrum","0x59b22d811a9eb8ce5b730373116c672bf83ae2b6b2efde0bd3d658a6d195f415","2023-08-09 03:42:07+00","0x141f6a444ab4ec550db20c829b25b15feae89f15","0xbe0f30217be1e981add883848d0773a86d2d2cd4","88737808859453518","164.733040338168"
"optimism","0xef1a5d633a55226f1a3a026e6c99ff796cabb71a232d760dfac640baf0b0b1b9","2023-08-09 10:12:05+00","0xd6532b1cf77a6da3e7b4d2a23a01916b0619e87e","0x4200000000000000000000000000000000000006","156603674793585858","290.99715867288"
"optimism","0x33622992dec1f44e64d741352ca863fa54a43c02eb1fb44548e0d31ade8db1f8","2023-08-09 10:24:35+00","0xd6532b1cf77a6da3e7b4d2a23a01916b0619e87e","0x39fde572a18448f8139b7788099f0a0740f51205","2528014266467612801622","95.284190855952"
"polygon","0x107479e30270e041cef1934bce69e248cab2f65bdc5a9e9e9b910c856c00d7ee","2023-08-09 14:33:53+00","0x5472d1eeae98167b580d7eaa552ea48471fbb411","0x3a58a54c066fdc0f2d55fc9c89f0415c92ebf3c4","154682217641962581869","115.77769926979201"
"polygon","0xae55ae2d87b6eafbe3372e8ffa00e941c3d6195afd7e4e17c185af49f85898e2","2023-08-09 14:34:11+00","0x5472d1eeae98167b580d7eaa552ea48471fbb411","0x431cd3c9ac9fc73644bf68bf5691f4b83f9e104f","7471376294755945211775","122.22276343681601"
"arbitrum","0x171f24b6f6c388264e3709abb46a069adb82257dbdd1731d32e292e06f538e54","2023-08-09 15:40:14+00","0x5e0690f80279947fdfd9ba92822b28ccf01fe3f8","0x32df62dc3aed2cd6224193052ce665dc18165841","872326538039341073338","245.0680875151874"
"arbitrum","0xc70754a7350a9907a56b450c9461c4c6194eb0d10223bea7788057d41285aa8d","2023-08-09 15:40:51+00","0xb08de4da9ab2f2675268a2515d226c2ce371d26f","0x3082cc23568ea640225c2467653db90e9250aaa0","3381868618023018622013","975.210761250957"
"arbitrum","0x6471009aeaf08c5b3a41093411bb67b09e3206775124c010ce77ad35b7b49d61","2023-08-09 15:42:02+00","0x5e0690f80279947fdfd9ba92822b28ccf01fe3f8","0xbcaa6c053cab3dd73a2e898d89a4f84a180ae1ca","76775717754236637698","48.294580345464915"
"arbitrum","0x96be912764484f64079168c5b4c37918c2833f30d39631a84927f21081f387d1","2023-08-09 15:49:07+00","0x141f6a444ab4ec550db20c829b25b15feae89f15","0xc6eee8cb7643ec2f05f46d569e9ec8ef8b41b389","275957379553217658944","276.351014189397"
"polygon","0x26112ddc0909cbca95c5e436394bfa14df7f72c84aba5aeb0404048289775c55","2023-08-10 02:31:25+00","0x5472d1eeae98167b580d7eaa552ea48471fbb411","0xa3fa99a148fa48d14ed51d610c367c61876997f1","190755044612517778093","181.58781324875102"
"arbitrum","0xa40159fd852f91c6e75602b12c9b59ed0cc7ba7359acbc4f894a2d97d6d56bab","2023-08-10 03:30:45+00","0xb08de4da9ab2f2675268a2515d226c2ce371d26f","0x82af49447d8a07e3bd95bd0d56f35241523fbab1","189917699039277119","351.961702451639"
"arbitrum","0x0f2315d730b7967143f4ecc17a28a61399be33437d78b7d995b93ca88d90520c","2023-08-10 14:46:35+00","0xb08de4da9ab2f2675268a2515d226c2ce371d26f","0x6694340fc020c5e6b96567843da2df01b2ce1eb6","1959610012377294327497","1197.9546805304"
"arbitrum","0x2dc56291e873458f6fefc05a8d3df4580a96445399011258db794c7ec9268ac3","2023-08-10 14:46:49+00","0xb08de4da9ab2f2675268a2515d226c2ce371d26f","0x5979d7b546e38e414f7e9822514be443a4800529","180924580502110555","378.68164425065"
"arbitrum","0xf1972fae3d0217d31e7719091685701d2e32152455c4be8fb82b7d6a5dcf49a4","2023-08-10 14:47:33+00","0xb08de4da9ab2f2675268a2515d226c2ce371d26f","0x65c936f008bc34fe819bce9fa5afd9dc2d49977f","192614312688859477637","100.98546791476"
"arbitrum","0xa1cd88d0d4a319156bc0d5c1a5abdd79d17172e5c8ebc9dca99db10b12c42f27","2023-08-10 14:57:04+00","0x5e0690f80279947fdfd9ba92822b28ccf01fe3f8","0xd449efa0a587f2cb6be3ae577bc167a774525810","1247237040377670509105","38.7661333521"
"arbitrum","0xfe079dbff6db7d7cdeb226f2aaaf3091dbd6c007a56005be5fd008f40411f097","2023-08-10 14:59:23+00","0x5e0690f80279947fdfd9ba92822b28ccf01fe3f8","0x32df62dc3aed2cd6224193052ce665dc18165841","1082961244579508201946","303.1609506473252"
"arbitrum","0xbe5cf1ba35e255610220eda64931274f76ff12c007a58c46e20204f84004a53c","2023-08-10 15:00:09+00","0xb08de4da9ab2f2675268a2515d226c2ce371d26f","0x3082cc23568ea640225c2467653db90e9250aaa0","4200511216382516250436","1207.033727130648"
"arbitrum","0x1129895f2f0b744f9e9c08361e6ee1c92db2950282562f8ae68e080d948650c0","2023-08-10 15:00:51+00","0x141f6a444ab4ec550db20c829b25b15feae89f15","0x80bb30d62a16e1f2084deae84dc293531c3ac3a1","15050242468006647119897","172.32066141814002"
"arbitrum","0xab36490c6a6fc30397dff01248c4c282b133a40d2e28c4437d523de3563ad70e","2023-08-10 15:11:10+00","0x141f6a444ab4ec550db20c829b25b15feae89f15","0xc6eee8cb7643ec2f05f46d569e9ec8ef8b41b389","215665008689163137520","215.86305945794402"
"arbitrum","0x91abc9bea4cfa51f164edab69f63841e7b66d53d6dd199cdc9f32b028cdc4d74","2023-08-10 15:11:36+00","0x141f6a444ab4ec550db20c829b25b15feae89f15","0x45c4d1376943ab28802b995acffc04903eb5223f","89306163025539736","165.60057561480002"
"optimism","0xeb5e6cef9de44f68aedfd5c6e40d3bfdceff2e9bf711a999891a798a172e28ef","2023-08-10 22:23:13+00","0xd6532b1cf77a6da3e7b4d2a23a01916b0619e87e","0x4200000000000000000000000000000000000006","300821590315104492","556.090526611257"
"optimism","0xd500ef22f1bebf18bad45e2069665d9dc2fd346c30db1f848240ecd363118e1f","2023-08-10 22:23:47+00","0xd6532b1cf77a6da3e7b4d2a23a01916b0619e87e","0x1f32b1c2345538c0c6f582fcb022739c4a194ebb","76598998117961906","160.67006906735398"
"optimism","0x7cd969183f82d55d8ed8d5b53d44f3971a8c83133b71c1f45b28134230cae4d0","2023-08-10 22:24:09+00","0x8f57e6e900f834721b32d33fd0497c0cc3bdc9c2","0x97513e975a7fa9072c72c92d8000b0db90b163c5","10766009407936144361649","176.517441137994"
"optimism","0xdb803b2ddb46bbb35fff1e6358d455d40e6d2fc694647d4e99291eb12c6c4c5b","2023-08-10 22:25:37+00","0xd6532b1cf77a6da3e7b4d2a23a01916b0619e87e","0x39fde572a18448f8139b7788099f0a0740f51205","5453942055479911105273","215.64535006079998"
"optimism","0x845b0fc12be99c223eb8d63f3ebf87aa1764c32c428b68529b53ddf5e1ea0bdc","2023-08-10 22:28:47+00","0xc003b5e1f2e6b4758a1b01b6848921733fcd178e","0x7ca75bdea9dede97f8b13c6641b768650cb83782","83820936058284266","77.3665318025097"
"polygon","0xf34b8763eb5103c246cc02b43fb7b453786fad7fbbef8b74ac224eceeeb42d94","2023-08-11 02:34:58+00","0x5472d1eeae98167b580d7eaa552ea48471fbb411","0x596ebe76e2db4470966ea395b0d063ac6197a8c5","20416260727979818248089","209.77389836700002"
"polygon","0x212d9422603e53b8c52facce462f84a2ec2b17c23c26e0d66f8004d51d888635","2023-08-11 02:41:22+00","0x5472d1eeae98167b580d7eaa552ea48471fbb411","0x49e6a20f1bbdfeec2a8222e052000bbb14ee6007","42708174117989721134","316.28984613462"
"arbitrum","0x52d39ecda1d01a055b0343ab074a2875014a0b84b869250804dabbeb13a8bfe7","2023-08-11 02:46:07+00","0xb08de4da9ab2f2675268a2515d226c2ce371d26f","0x82af49447d8a07e3bd95bd0d56f35241523fbab1","268766208377471756","496.36384924489204"
"arbitrum","0x48dcb7143597cfdb3b41bdc31a7fc25b827a764c4726a5c06a29892ba897f57d","2023-08-11 02:46:53+00","0xb08de4da9ab2f2675268a2515d226c2ce371d26f","0x5979d7b546e38e414f7e9822514be443a4800529","169661175292064734","355.63612686384704"
"arbitrum","0x71c3e0f5e801ae14f2bae7b0e306bd7d88b7f3e81b509df699b06e2029c4479d","2023-08-11 02:47:16+00","0xb08de4da9ab2f2675268a2515d226c2ce371d26f","0x539bde0d7dbd336b79148aa742883198bbf60342","143607804194006115185","108.536844390008"
"arbitrum","0x89f392aafa9f56081c5f2e17d8202bfab0691e33c98fa9501c2eb12945ddb3bb","2023-08-11 02:52:38+00","0x141f6a444ab4ec550db20c829b25b15feae89f15","0x542f16da0efb162d20bf4358efa095b70a100f9e","4841312093773445","142.61973028721198"
"arbitrum","0x32a4e138b351a47fe7c47a883e8969f26853e996fb0a8228092ff8124c41e054","2023-08-11 02:54:10+00","0x5e0690f80279947fdfd9ba92822b28ccf01fe3f8","0xc9f52540976385a84bf416903e1ca3983c539e34","14509978255735376","53.59921019358787"
"polygon","0xadb0e887f3ae95bfb95e92857ff194448600f26dc9159b4bc947262f5c48388d","2023-08-11 02:58:47+00","0xaa3605b38827a1c7721e73bf4fa3c8fa2dd488ed","0xf0ad209e2e969eaaa8c882aac71f02d8a047d5c2","218458267121261784331","130.94903395025622"
"arbitrum","0x4b1d8d2b38cecdf7f72bd9b5cca92ea4aa02e2c8906e04e5c86af2d23ee8bed8","2023-08-11 03:09:10+00","0x141f6a444ab4ec550db20c829b25b15feae89f15","0xc6eee8cb7643ec2f05f46d569e9ec8ef8b41b389","116063347618715032363","116.14330183352001"
"arbitrum","0x4ee29c2515355782841dc5498f5b16228f9c682e27be272ce06ae6797f22396e","2023-08-11 03:09:36+00","0x141f6a444ab4ec550db20c829b25b15feae89f15","0x45c4d1376943ab28802b995acffc04903eb5223f","77285258224207453","142.82324307075203"
"arbitrum","0x3ffce52d1f8e1d1d1c2117f07783d92aafdd794d987340c1b23820e8f703a38b","2023-08-11 03:10:05+00","0x141f6a444ab4ec550db20c829b25b15feae89f15","0xbe0f30217be1e981add883848d0773a86d2d2cd4","86320392963416288","159.5385800769"
"arbitrum","0xc5e0f5c0a98a46e8921b4f4225809ab8da3d7bd455e5cf2f4e6d3a1351200565","2023-08-11 14:46:11+00","0xb08de4da9ab2f2675268a2515d226c2ce371d26f","0x82af49447d8a07e3bd95bd0d56f35241523fbab1","176434297454519974","327.346797083896"
"arbitrum","0x775d3548ee6e47f02ccf7ca3a8d4cb8b41e3735f69a03de63a0985d1c401dd08","2023-08-11 14:53:42+00","0x5e0690f80279947fdfd9ba92822b28ccf01fe3f8","0xce6195089b302633ed60f3f427d1380f6a2bfbc7","46933409972878180150","76.732553660464"
"arbitrum","0xc5ea1e42057a0a82a28d08203fd74c0626509e5dcd4e67bb9ceec8be4cd0337d","2023-08-11 14:58:29+00","0x5e0690f80279947fdfd9ba92822b28ccf01fe3f8","0x32df62dc3aed2cd6224193052ce665dc18165841","408076926391332096677","112.68356453958583"
"arbitrum","0xf3f83e9e9c20658b9aa1224efd3c8693b7a10f07a1bbdeb448fe9208af627819","2023-08-11 14:59:11+00","0xb08de4da9ab2f2675268a2515d226c2ce371d26f","0x3082cc23568ea640225c2467653db90e9250aaa0","1589059298443424083393","448.500790007851"
"arbitrum","0x5ffd296f88b0e23d20a61935005e584afe5b28b0f69d378fdf74fe2e06840166","2023-08-11 14:59:25+00","0xb08de4da9ab2f2675268a2515d226c2ce371d26f","0x6c84a8f1c29108f47a79964b5fe888d4f4d0de40","4264829248590012","125.90886907618999"
"arbitrum","0x7f56ec110dbed1233981cc07f2830abc77ffb1be6b484322e7120d2121df0e8b","2023-08-11 15:00:23+00","0xb08de4da9ab2f2675268a2515d226c2ce371d26f","0xa1150db5105987cec5fd092273d1e3cbb22b378b","3863542215709597734150","163.90286587379998"
"arbitrum","0x9e6a576cbcd253eb07ebc26a3c871fee743ab731ff3e4f7deed947f8873b0bc7","2023-08-11 15:10:17+00","0x141f6a444ab4ec550db20c829b25b15feae89f15","0xc6eee8cb7643ec2f05f46d569e9ec8ef8b41b389","102754592920298451524","102.801382238724"
"optimism","0x98a9defe09528193ca5fa8b8c4d43ebc3bc91dc6e645ef48acef5d55d150bd90","2023-08-11 22:23:13+00","0xd6532b1cf77a6da3e7b4d2a23a01916b0619e87e","0x4200000000000000000000000000000000000006","218329245428294089","402.81606623250605"
"optimism","0x53ffeb6a57f0957d8b5cdb1a86c15b51bf5646fcdf5543a1f3b40f4716f8b116","2023-08-11 22:23:57+00","0xd6532b1cf77a6da3e7b4d2a23a01916b0619e87e","0x1f32b1c2345538c0c6f582fcb022739c4a194ebb","110277021112835791","230.896391325054"
"polygon","0xb4a424c8240705252ac31dc04fcfb4188fc38911ce3dff01865bbc65d6e332d9","2023-08-12 02:31:25+00","0x5472d1eeae98167b580d7eaa552ea48471fbb411","0xdf7837de1f2fa4631d716cf2502f8b230f1dcc32","16254970","206.65771277142198"
"arbitrum","0x9f303c69e4246ffdd78105382fe91919c3885959b8d2855c5a23f622df6751c1","2023-08-12 02:46:06+00","0xb08de4da9ab2f2675268a2515d226c2ce371d26f","0x82af49447d8a07e3bd95bd0d56f35241523fbab1","60766166880351289","112.376293776661"
"arbitrum","0x26e087f16399639a648e9c72b074b73b9940c0bd6732a8d808185d43cb4b4625","2023-08-12 02:46:50+00","0xb08de4da9ab2f2675268a2515d226c2ce371d26f","0x5979d7b546e38e414f7e9822514be443a4800529","167772802146803291","352.14947738594697"
"arbitrum","0xb7bf7a9d834f3535fe2abf49da0118a7889dd12cda1ebc4ed05764405ef08283","2023-08-12 02:52:31+00","0x141f6a444ab4ec550db20c829b25b15feae89f15","0x542f16da0efb162d20bf4358efa095b70a100f9e","6842849410209578","201.80433293451404"
"arbitrum","0x4a9671b015b8c881b2b01619e17b1283d8674a17a1ff5217f48c61fe897c3396","2023-08-12 02:58:18+00","0x5e0690f80279947fdfd9ba92822b28ccf01fe3f8","0x32df62dc3aed2cd6224193052ce665dc18165841","268280764827358618139","73.8439782342171"
"polygon","0xe30e58a6ed626fe6f40134a99e53d8a70b332de87013e06b57632fb6aa933468","2023-08-12 03:08:18+00","0xf36871c460d452802dab7af5e3b2a9eb2b74cf38","0x402cfdb7781fa85d52f425352661128250b79e12","814820542694251405146","553.10160307727"
"arbitrum","0x6ad200caa408889ed2333668f014755b0d43c7e74066ed2b712e87a1a57fb49f","2023-08-12 03:09:36+00","0x141f6a444ab4ec550db20c829b25b15feae89f15","0x45c4d1376943ab28802b995acffc04903eb5223f","79682606925766374","147.602498167553"
"arbitrum","0x313be520c839dc3ee89790aea445e443b745af39c0fea3e8a94e2dbb38915071","2023-08-12 03:10:11+00","0x141f6a444ab4ec550db20c829b25b15feae89f15","0xbe0f30217be1e981add883848d0773a86d2d2cd4","73229321231327008","135.664615795367"
"polygon","0x9157c7ce9f3f3ee5fac99c475a784438374b63e685c5c550d762c8f6a997d5eb","2023-08-12 14:30:27+00","0x5472d1eeae98167b580d7eaa552ea48471fbb411","0x0d500b1d8e8ef31e21c99d1db9a6444d3adf1270","252445037818494495282","171.86737973546403"
"arbitrum","0x2859b0d1003e601dd68e24f7492e9fe568420647df9f1319c1dbbfb9cf2d6819","2023-08-12 14:46:48+00","0xb08de4da9ab2f2675268a2515d226c2ce371d26f","0x6694340fc020c5e6b96567843da2df01b2ce1eb6","265974116239953498351","166.833022268447"
"arbitrum","0x733c29591ddfd9bd61be42901a137f1182f0a9dea260cf1ae66631c72c1235ed","2023-08-12 14:54:08+00","0x5e0690f80279947fdfd9ba92822b28ccf01fe3f8","0xc9f52540976385a84bf416903e1ca3983c539e34","16578353696456617","61.30968331708829"
"arbitrum","0x747f88d4f99e556233b43b1596c69e8acef3d9a6ec3507b84537f562d17171b9","2023-08-12 15:08:39+00","0x141f6a444ab4ec550db20c829b25b15feae89f15","0xc6eee8cb7643ec2f05f46d569e9ec8ef8b41b389","198570034790206173391","198.924809191368"
"polygon","0x9216dd77411f99ab6a54643f5ad6a3ebc45e02d14b4cbc556847bb917e75a1a1","2023-08-13 02:33:39+00","0x5472d1eeae98167b580d7eaa552ea48471fbb411","0x3a58a54c066fdc0f2d55fc9c89f0415c92ebf3c4","177520462044986041174","130.806913068"
"polygon","0x593dac54c91638ec3041974ea5b37e30f8d7d09bae572ded6b92f632639739da","2023-08-13 02:33:49+00","0x5472d1eeae98167b580d7eaa552ea48471fbb411","0x64060ab139feaae7f06ca4e63189d86adeb51691","205103536908628611461928","116.14966824747"
"arbitrum","0xf9052efb58387e4f9f659f12765b7fe834c0d0f9a84e9254055e7f5bd1aed58b","2023-08-13 02:46:03+00","0xb08de4da9ab2f2675268a2515d226c2ce371d26f","0x82af49447d8a07e3bd95bd0d56f35241523fbab1","73063149913435541","135.27005514243498"
"arbitrum","0x48b285e604c362aaa552665b096c45ed2cc387e1f64481868523e21056d44b20","2023-08-13 02:46:48+00","0xb08de4da9ab2f2675268a2515d226c2ce371d26f","0x5979d7b546e38e414f7e9822514be443a4800529","159572483155386151","335.57268202522"
"polygon","0xbe2989233896779467d37437908177bbf2ecd4a1fac6a81bd4a6fe0b7b196770","2023-08-13 02:50:26+00","0xaa3605b38827a1c7721e73bf4fa3c8fa2dd488ed","0xae8f935830f6b418804836eacb0243447b6d977c","1145068252786875025750","689.7151889150687"
"arbitrum","0xac6bb91a574b268abada66f55f35a223b00549a368ab78728922575dd5a080db","2023-08-13 02:58:13+00","0x5e0690f80279947fdfd9ba92822b28ccf01fe3f8","0x32df62dc3aed2cd6224193052ce665dc18165841","292763038863571660569","81.88339378735812"
"arbitrum","0x7e7abf498ae4a35580d415252025d883da5d2563ea14a7dcf2d850a16745eeb2","2023-08-13 02:58:58+00","0xb08de4da9ab2f2675268a2515d226c2ce371d26f","0x3082cc23568ea640225c2467653db90e9250aaa0","2180720060080786425568","626.6624014121101"
"polygon","0xafe9be2ba5ab275313d1e7e344e83de46b5e9229926c05612eb5e6ec4e72797c","2023-08-13 02:59:06+00","0xaa3605b38827a1c7721e73bf4fa3c8fa2dd488ed","0xf0ad209e2e969eaaa8c882aac71f02d8a047d5c2","207071304717014510821","120.68199854430038"
"arbitrum","0xcf6cac6b24740d2f17442b100dad6d7dc718a2d05e8e872444345613838881a7","2023-08-13 03:00:26+00","0x5e0690f80279947fdfd9ba92822b28ccf01fe3f8","0xbcaa6c053cab3dd73a2e898d89a4f84a180ae1ca","258828877831750464726","156.27864402458275"
"arbitrum","0x36e9bcb6f6cdf53585fb8a0023d8ce48b8ffe5f15530c03e869614565bae517e","2023-08-13 03:10:17+00","0x141f6a444ab4ec550db20c829b25b15feae89f15","0xc6eee8cb7643ec2f05f46d569e9ec8ef8b41b389","107738888353454926208","107.92905965177"
"arbitrum","0x105f9bd20a62394daa6e47a796b9d4faea984729eef026a305d239f7c7130301","2023-08-13 03:10:42+00","0x141f6a444ab4ec550db20c829b25b15feae89f15","0x45c4d1376943ab28802b995acffc04903eb5223f","78220503103531015","144.96760800746"
"polygon","0x62fd26ff8a16c02d7f98ee5e89a3fdb7e7a2c694311152c9dd17ba7ee94cf402","2023-08-13 14:30:45+00","0x5472d1eeae98167b580d7eaa552ea48471fbb411","0x385eeac5cb85a38a9a07a70c73e0a3271cfb54a7","780461826916082196373","721.0525644429039"
"arbitrum","0xc9a595eacbdb1317f88f92d69969c3c3d9a1984e288c37f494f5980a269bd860","2023-08-13 14:45:11+00","0xb08de4da9ab2f2675268a2515d226c2ce371d26f","0x040d1edc9569d4bab2d15287dc5a4f10f56a56b8","48740603467083296887","205.48581133659602"
"arbitrum","0x61ff519201cb195c66a0b3fe4174b261bed0434385eae46b3855d1df0a983e1f","2023-08-13 14:46:15+00","0xb08de4da9ab2f2675268a2515d226c2ce371d26f","0x82af49447d8a07e3bd95bd0d56f35241523fbab1","160829172272973668","297.791814602471"
"arbitrum","0x841eef2e3bdad8a24afe5c0e1b88c64f5bf008ec5e707fb67f9bbdde8e70748d","2023-08-13 14:46:56+00","0xb08de4da9ab2f2675268a2515d226c2ce371d26f","0x6694340fc020c5e6b96567843da2df01b2ce1eb6","192094766850001419640","125.32686188065401"
"arbitrum","0x7c7bf5802e58b214085baf60f646e567c8226bf4ef029be4ff458a7e1c73b177","2023-08-13 14:51:07+00","0xb08de4da9ab2f2675268a2515d226c2ce371d26f","0x912ce59144191c1204e64559fe8253a0e49e6548","174965975765476040317","202.715917338209"
"arbitrum","0x075a29a5a6474c431d1cb2821b0e13c02b4b0bf9a17ef7eb7acd3aa35b9297c8","2023-08-13 15:08:35+00","0x141f6a444ab4ec550db20c829b25b15feae89f15","0xc6eee8cb7643ec2f05f46d569e9ec8ef8b41b389","113041517073810460051","113.2904512155"
"arbitrum","0xb7a8bc024f69a638f2b11deb8646662337c436635a0b5781efa83ceec40609f7","2023-08-13 15:09:25+00","0x141f6a444ab4ec550db20c829b25b15feae89f15","0xbe0f30217be1e981add883848d0773a86d2d2cd4","58905796667451761","109.332518894625"
"optimism","0x76c2beb179d09ee845d087ea941a7def317eef0ded710362a40420e331e855cd","2023-08-13 22:39:05+00","0xd6532b1cf77a6da3e7b4d2a23a01916b0619e87e","0x1f32b1c2345538c0c6f582fcb022739c4a194ebb","65062147423374712","135.943115173965"
"optimism","0x592606a0bd1255e379f8f993ca5a656bb34d5630da840db6981e1e080113363b","2023-08-13 22:53:47+00","0xc003b5e1f2e6b4758a1b01b6848921733fcd178e","0x7ca75bdea9dede97f8b13c6641b768650cb83782","109388422554519252","76.06921476220079"
"arbitrum","0x0c69240fa5cefba4e88e1583fe3b6e5afa3826adb969b6c0da79bb937170350c","2023-08-14 02:45:17+00","0xb08de4da9ab2f2675268a2515d226c2ce371d26f","0x040d1edc9569d4bab2d15287dc5a4f10f56a56b8","25067551729456291164","104.49536852240999"
"arbitrum","0x23ff174d9f9bca66992f5558ff7f1bd241e626de8d674980ac322b959960519b","2023-08-14 03:08:10+00","0x141f6a444ab4ec550db20c829b25b15feae89f15","0xc6eee8cb7643ec2f05f46d569e9ec8ef8b41b389","106081123261435868151","106.30985984533999"
"arbitrum","0x795494f8f7b47db30f4d051638df367904fda0f00c78c4450a85775700746621","2023-08-14 03:08:36+00","0x141f6a444ab4ec550db20c829b25b15feae89f15","0x45c4d1376943ab28802b995acffc04903eb5223f","70237704905114579","129.94204230562"
"arbitrum","0x62b5eb09dd53e00e82d2f913db7041cb2f4d052063e4440e100b40b88ed99349","2023-08-14 03:09:15+00","0x5e0690f80279947fdfd9ba92822b28ccf01fe3f8","0xbbf9d705b75f408cfcaee91da32966124d2c6f7d","118042738128979226432",NULL
"optimism","0xbd92fb765cbb3b9c69a02c8df4a230f903b7fe3c7626a4aaf12cd30ed0bd0787","2023-08-14 10:53:41+00","0xd6532b1cf77a6da3e7b4d2a23a01916b0619e87e","0x4200000000000000000000000000000000000006","434186119506518251","802.355780631912"
"polygon","0x9e1f1a518c79e5b9dc15f5ffc77329b5a1fc3f1ea5834c4ebe445d37c7022d17","2023-08-14 14:34:04+00","0x5472d1eeae98167b580d7eaa552ea48471fbb411","0x3a58a54c066fdc0f2d55fc9c89f0415c92ebf3c4","163777178981146376206","120.19346813740799"
"polygon","0x69cd97d2a62883882dbb38b2289748c022b9877aa4c905ecf4f6c51000402d3d","2023-08-14 14:34:32+00","0x5472d1eeae98167b580d7eaa552ea48471fbb411","0x62f594339830b90ae4c084ae7d223ffafd9658a7","85385073802649312800710","129.84416270044"
"arbitrum","0x6d9675fb0b0a0d1ca51bfa4b5d8781e1d6e51bbf2a469ead2938d94661d6d38d","2023-08-14 14:46:37+00","0xb08de4da9ab2f2675268a2515d226c2ce371d26f","0x6694340fc020c5e6b96567843da2df01b2ce1eb6","161851046221469692214","102.617563887345"
"arbitrum","0xf3f8a6a1375da89f4b743cc2fe8829cab931724e79cdc69be70b95c610060d44","2023-08-14 14:46:50+00","0xb08de4da9ab2f2675268a2515d226c2ce371d26f","0x5979d7b546e38e414f7e9822514be443a4800529","150873800997109530","317.415700977276"
"arbitrum","0xd818beda081a7e1cd548b65f27885a0edf582cc2673a514540e0e4d24a73da36","2023-08-14 14:52:28+00","0x141f6a444ab4ec550db20c829b25b15feae89f15","0x542f16da0efb162d20bf4358efa095b70a100f9e","3571300943736235","105.916050936462"
"arbitrum","0x0329f391e04ea4cb322e78e5d3aec9f5b1632c92fa1472601e0d4f4a907c767e","2023-08-14 15:09:15+00","0x141f6a444ab4ec550db20c829b25b15feae89f15","0xc6eee8cb7643ec2f05f46d569e9ec8ef8b41b389","133445216123122425118","133.454544647968"
"optimism","0xbe0be010f0bfc2f67ddbffe6660e61f1bace34f5353c849ca4fb798229ac441d","2023-08-14 22:54:17+00","0xd6532b1cf77a6da3e7b4d2a23a01916b0619e87e","0x1f32b1c2345538c0c6f582fcb022739c4a194ebb","60158314333864965","125.830322331129"
"polygon","0x6f385207cea959bc179c18273935580a425130bc5b9f18b03a7a6a1da5084dc7","2023-08-15 02:30:46+00","0x5472d1eeae98167b580d7eaa552ea48471fbb411","0x0d500b1d8e8ef31e21c99d1db9a6444d3adf1270","188059281232899989214","127.47133334213498"
"polygon","0x3c78e1d12d7723b3e4aa83850fecf2afa8dc6c0c66df2db0391e997b50cc4e88","2023-08-15 02:31:46+00","0x5472d1eeae98167b580d7eaa552ea48471fbb411","0xdf7837de1f2fa4631d716cf2502f8b230f1dcc32","9009265","118.53831035408999"
"polygon","0xcee514f212622a0fe62afb28bd5e4412a3692c85568b6dcac0297227126c2bed","2023-08-15 02:39:50+00","0x5472d1eeae98167b580d7eaa552ea48471fbb411","0x49e6a20f1bbdfeec2a8222e052000bbb14ee6007","16279202359478590736","105.36665998695001"
"arbitrum","0x06f1e422cc33b50db5b9ce151c783cdb4b4cace9e45e4b260f749500b5d6a2ed","2023-08-15 02:46:38+00","0xb08de4da9ab2f2675268a2515d226c2ce371d26f","0x5979d7b546e38e414f7e9822514be443a4800529","157383361832872595","329.56185699466204"
"arbitrum","0xedcdacea4ebe7da35ef86473c9ee666c38c2a18ec0465eaa2cc9aade7d1db801","2023-08-15 02:56:31+00","0x5e0690f80279947fdfd9ba92822b28ccf01fe3f8","0x3efd3e18504dc213188ed2b694f886a305a6e5ed","240061261970971270585","19.97522763379229"
"arbitrum","0x9d8e3fc969bdcbf90f79470bae7aeb5ae476db9399db07bf1a423c251d801b21","2023-08-15 02:57:50+00","0x5e0690f80279947fdfd9ba92822b28ccf01fe3f8","0x32df62dc3aed2cd6224193052ce665dc18165841","693630604361946904380","195.93759370442203"
"arbitrum","0xecc7cbaad5b970437e12381fdf2dacb760ff89dea2aaa1f96c0555a7d5bec821","2023-08-15 02:58:33+00","0xb08de4da9ab2f2675268a2515d226c2ce371d26f","0x3082cc23568ea640225c2467653db90e9250aaa0","2681787684884854892644","779.3016300136"
"arbitrum","0x04a0bb76e374666f4642b66fe1b5da48ef4375c9563e2e4f9d5fa50a5d62b063","2023-08-15 03:00:22+00","0x5e0690f80279947fdfd9ba92822b28ccf01fe3f8","0xc7fa3a3527435720f0e2a4c1378335324dd4f9b3","2485480665686235975","134.5534953589353"
"arbitrum","0x12d34c896e0f923bc552802561f8902aea7341895d43a9cec9475af85599dbe9","2023-08-15 03:08:02+00","0xb08de4da9ab2f2675268a2515d226c2ce371d26f","0x6a7661795c374c0bfc635934efaddff3a7ee23b6","118572587453452429126","117.80820233576999"
"arbitrum","0x318acd992dfe06cee358f6336d168bc305dd571988f0bb1c810e9a9c15bf850d","2023-08-15 03:10:17+00","0x141f6a444ab4ec550db20c829b25b15feae89f15","0xc6eee8cb7643ec2f05f46d569e9ec8ef8b41b389","150162185407411744808","150.300456989644"
"arbitrum","0x4c8bdbc2198011ab544e0ff61674a95a35961c720c5fda37770c3c31fd1c9766","2023-08-15 03:10:37+00","0x5e0690f80279947fdfd9ba92822b28ccf01fe3f8","0x8bc65eed474d1a00555825c91feab6a8255c2107","100926853018657118576",NULL
"arbitrum","0xa25a907ea893bf65694004edc5e2435332a6720f670bd5d21ee51c1e225f5f1b","2023-08-15 03:11:21+00","0x141f6a444ab4ec550db20c829b25b15feae89f15","0xbe0f30217be1e981add883848d0773a86d2d2cd4","71093437136155408","131.226930741479"
"optimism","0xb2ff1fb2432ec1cf0a881eac9fcc4419680d49e49e61a6d32bea7d7aab593025","2023-08-15 10:53:39+00","0xd6532b1cf77a6da3e7b4d2a23a01916b0619e87e","0x4200000000000000000000000000000000000006","125757624910428105","231.471963170909"
"optimism","0x597648046e6905401d19eb620786e955b927080c9bb99d04b1aaedb1180db063","2023-08-15 10:54:17+00","0xd6532b1cf77a6da3e7b4d2a23a01916b0619e87e","0x1f32b1c2345538c0c6f582fcb022739c4a194ebb","60936046264900891","127.28619537274099"
"optimism","0x64c76a36134b14552f22ea18f68274210b6575b00b376ecbc3ab34a1c7838cad","2023-08-15 10:58:17+00","0xc003b5e1f2e6b4758a1b01b6848921733fcd178e","0x7ca75bdea9dede97f8b13c6641b768650cb83782","74528770169993833","49.64568444583919"
"polygon","0x196a84bddea47edf3bd3f68287cdb41d880dcf5e33f7b6f0bc63303e85ec24fd","2023-08-15 14:35:55+00","0x5472d1eeae98167b580d7eaa552ea48471fbb411","0x255707b70bf90aa112006e1b07b9aea6de021424","12816600165298864055807","100.413430421056"
"arbitrum","0xd1ed330bcb4dc4184d6110870d469d68b3c1d5feb129acc3e416d80c7f36c791","2023-08-15 14:46:05+00","0xb08de4da9ab2f2675268a2515d226c2ce371d26f","0x82af49447d8a07e3bd95bd0d56f35241523fbab1","173075540845483055","318.90273502649103"
"arbitrum","0x4f1da2fffae0d4c3d02d17ed5bfb73683605df065b0d597c636ef9e28f9454d5","2023-08-15 14:46:48+00","0xb08de4da9ab2f2675268a2515d226c2ce371d26f","0x5979d7b546e38e414f7e9822514be443a4800529","64288920117028741","134.533409363932"
"polygon","0xc587fe3f749810bc886d7886fe2b98b1fb028d26ee77ea98c8f9f30c73ad24cd","2023-08-15 14:58:01+00","0xaa3605b38827a1c7721e73bf4fa3c8fa2dd488ed","0xf0ad209e2e969eaaa8c882aac71f02d8a047d5c2","228223060838378449688","125.79931544987753"
"arbitrum","0xfa0d634916a1df2ad90240052c0cb62e20002ea5923b2b2fb1b9005c9eedb4bf","2023-08-15 15:07:46+00","0x141f6a444ab4ec550db20c829b25b15feae89f15","0xc6eee8cb7643ec2f05f46d569e9ec8ef8b41b389","137512815316659637123","137.64864353825402"
"arbitrum","0x03291c7f0254af9914aa296fcfb81e1353e6f41eddad39fbbeb1bf0fa34f848b","2023-08-15 15:08:11+00","0x141f6a444ab4ec550db20c829b25b15feae89f15","0x45c4d1376943ab28802b995acffc04903eb5223f","132304114257976439","244.292897611206"
"optimism","0xcf2cdf5c8578c1a4ac81b57749eb7373527e9ae875cf472b458ff04da25f58db","2023-08-15 22:53:45+00","0xd6532b1cf77a6da3e7b4d2a23a01916b0619e87e","0x4200000000000000000000000000000000000006","152414807209741259","278.448384446887"
"arbitrum","0xad31d17dc1fa86bfc57c543d765782f605245bdf887cb83220e616b752f85673","2023-08-16 02:46:40+00","0xb08de4da9ab2f2675268a2515d226c2ce371d26f","0x5979d7b546e38e414f7e9822514be443a4800529","166055705728934332","344.863880259976"
"arbitrum","0x90b7aee9a27c0fc41ff181480c340449d5967d4dd28dd184c52031274251697d","2023-08-16 02:59:02+00","0x5e0690f80279947fdfd9ba92822b28ccf01fe3f8","0x93b48e950380adcf6d67c392f20d44fb88d258dc","102521180868593246905","51.474878033003996"
"arbitrum","0xff2795243bd1ad4a1273986abee5e35dc99c303d9136926dee5f6dd18a809b1a","2023-08-16 03:06:10+00","0xb08de4da9ab2f2675268a2515d226c2ce371d26f","0x6a7661795c374c0bfc635934efaddff3a7ee23b6","101358017485016670301","100.936987060638"
"arbitrum","0x95e75c3d46fe388f17ca50a404064337af46421ae84c7c244c726c68c6b53335","2023-08-16 03:08:34+00","0x141f6a444ab4ec550db20c829b25b15feae89f15","0x45c4d1376943ab28802b995acffc04903eb5223f","72321111556079736","132.595494154083"
"optimism","0xd9fb6d37e4c12d3199216e280cf662adaed4ccf486aa1e499697a07522ae10b8","2023-08-16 10:53:45+00","0xd6532b1cf77a6da3e7b4d2a23a01916b0619e87e","0x4200000000000000000000000000000000000006","144102092405668324","262.919341784506"
"optimism","0xe3b3f40cbd20f59d2fd59bb7f5b5819ef0b892f47eace5bcf77b7889b2d53701","2023-08-16 10:57:59+00","0xc003b5e1f2e6b4758a1b01b6848921733fcd178e","0x7ca75bdea9dede97f8b13c6641b768650cb83782","62383040046208911","40.432154452872645"
"arbitrum","0x6ea21255eab00adcc8cdecdb0da5cb5d4157b2deac62bb640027983e8fa0c4df","2023-08-16 14:46:10+00","0xb08de4da9ab2f2675268a2515d226c2ce371d26f","0x82af49447d8a07e3bd95bd0d56f35241523fbab1","149245272249304225","272.34076757819"
"arbitrum","0x5dc8d075f812f30d8888789f6ed66c8abdfb7eb82930b076671ee06d82001d2e","2023-08-16 14:46:49+00","0xb08de4da9ab2f2675268a2515d226c2ce371d26f","0x6694340fc020c5e6b96567843da2df01b2ce1eb6","346563547468473701758","206.08634999943803"
"arbitrum","0xe42db55cbe6bd263d538c5145653f3401418e7539ad1a1428bf8cbbd0ab5908a","2023-08-16 14:47:19+00","0xb08de4da9ab2f2675268a2515d226c2ce371d26f","0x539bde0d7dbd336b79148aa742883198bbf60342","225382858839143208260","155.569304881048"
"polygon","0xd79f6a01f94ab94d8ab9e73dbc201d45f975a94db5827c942b700f8f35852ba3","2023-08-16 15:07:38+00","0xf36871c460d452802dab7af5e3b2a9eb2b74cf38","0x402cfdb7781fa85d52f425352661128250b79e12","1161978112344833726699","727.682377831392"
"arbitrum","0x96137501023b981ab3258c87f84eca07e14745fc8ce0f0841bd6567fea7b0e65","2023-08-16 15:08:34+00","0x141f6a444ab4ec550db20c829b25b15feae89f15","0xc6eee8cb7643ec2f05f46d569e9ec8ef8b41b389","171529395949679302969","171.785382444032"
"arbitrum","0x9542e78de7d3b75c4f2e26ec45de1626ad3c41151a6a02e74b48d3e7db4d181f","2023-08-16 15:09:27+00","0x141f6a444ab4ec550db20c829b25b15feae89f15","0xbe0f30217be1e981add883848d0773a86d2d2cd4","60195949575066220","110.08970839747201"
"optimism","0x731d09b78f965cbf42eed1b42fce731f786a0be831861c05e78078b56cbee2f7","2023-08-16 22:53:47+00","0xd6532b1cf77a6da3e7b4d2a23a01916b0619e87e","0x4200000000000000000000000000000000000006","124986238149365225","226.27599685761604"
"optimism","0xf519fd75c0cdbf1046e3c8c46d108a0737abcc8798a39ba801ec14f1ac8e79f6","2023-08-16 22:54:21+00","0xd6532b1cf77a6da3e7b4d2a23a01916b0619e87e","0x1f32b1c2345538c0c6f582fcb022739c4a194ebb","77564586298523940","159.31186776354602"
"optimism","0x628b82b879176edc0b113c0ddecb31f6c45870b28aacd6d1f1fa49ef702f13fe","2023-08-16 22:55:21+00","0xd6532b1cf77a6da3e7b4d2a23a01916b0619e87e","0x9bcef72be871e61ed4fbbc7630889bee758eb81d","203684509669723601","398.35218863272394"
"optimism","0x1de636dfb9ee9c5761b7401324144096a9c240f4b8751fd3de20ba4b037cb3f4","2023-08-16 22:58:49+00","0xc003b5e1f2e6b4758a1b01b6848921733fcd178e","0x7ca75bdea9dede97f8b13c6641b768650cb83782","75378519480519864","41.91140932680206"
"polygon","0x5cb88c204002136c47858347c935a94e15658dda7bd4ba517346df1c2a9144d6","2023-08-17 02:30:27+00","0x5472d1eeae98167b580d7eaa552ea48471fbb411","0x0d500b1d8e8ef31e21c99d1db9a6444d3adf1270","363386177696013398901","227.213829985632"
"polygon","0x79d8ae97c8367c36b538dd6ab69a183421183b96214bf691acbda7a990b42cef","2023-08-17 02:30:55+00","0x5472d1eeae98167b580d7eaa552ea48471fbb411","0x7ceb23fd6bc0add59e62ac25578270cff1b9f619","57277124157417493","103.099321777888"
"polygon","0x3f02ee8a2c0c6bc7ba0feef249c758bec6a750fe76f0d8065cc5d381e8bb4aa8","2023-08-17 02:33:59+00","0x5472d1eeae98167b580d7eaa552ea48471fbb411","0x3a58a54c066fdc0f2d55fc9c89f0415c92ebf3c4","173377356146147030741","117.2367171276"
"arbitrum","0xc08eab364723b3b751827d441a41d5b3055ed94e6d211667f3689c2e6cc68e0d","2023-08-17 02:46:44+00","0xb08de4da9ab2f2675268a2515d226c2ce371d26f","0x5979d7b546e38e414f7e9822514be443a4800529","169555691974235788","346.28033384306406"
"polygon","0x30c8e88053edd9ff718a4a6f43506f8e3b6439b17d98c589f4f3e488ce3b24b2","2023-08-17 02:51:03+00","0xaa3605b38827a1c7721e73bf4fa3c8fa2dd488ed","0xae8f935830f6b418804836eacb0243447b6d977c","386477083622919304744","222.54255497342209"
"arbitrum","0x23463a246ae82dee3c8ad8050dd3b969c4d2288646b9004af658c2e546595a81","2023-08-17 02:52:19+00","0x141f6a444ab4ec550db20c829b25b15feae89f15","0x542f16da0efb162d20bf4358efa095b70a100f9e","3515828666092904","100.73901583581"
"arbitrum","0xdb67ae7bd32b919eddcb5eddfdc39453b3ad5d1f9deb0e478e29e60dfbbfbf44","2023-08-17 02:57:10+00","0x5e0690f80279947fdfd9ba92822b28ccf01fe3f8","0x32df62dc3aed2cd6224193052ce665dc18165841","3879517451256623354944","1013.443272714861"
"polygon","0xa6d5369a2a1f727d4da805730e009a0f7ccafac153fc73b33c2c0426719f1338","2023-08-17 03:06:09+00","0xf36871c460d452802dab7af5e3b2a9eb2b74cf38","0x402cfdb7781fa85d52f425352661128250b79e12","163310664318009582500","102.071629394912"
"arbitrum","0x10d01346d63166e4512c27a577083d8dfe2b6bdbd2579abedd3a0067128093d1","2023-08-17 03:07:29+00","0x141f6a444ab4ec550db20c829b25b15feae89f15","0xc6eee8cb7643ec2f05f46d569e9ec8ef8b41b389","108035056363831066054","108.22230920695799"
"arbitrum","0xf7203f6b42d412ef8edbf60d757738de0e986fe4470be7c7086487f57a9c0207","2023-08-17 03:07:54+00","0x141f6a444ab4ec550db20c829b25b15feae89f15","0x45c4d1376943ab28802b995acffc04903eb5223f","93082006456763304","167.51313414490798"
"arbitrum","0x856c31e46fd68f7f85d90762590a5726d4d5f4e42c6537146ec737ab90bad3dd","2023-08-17 03:08:29+00","0x141f6a444ab4ec550db20c829b25b15feae89f15","0xbe0f30217be1e981add883848d0773a86d2d2cd4","59139739157551617","106.433470584862"
"optimism","0x409469911cfab48c035acd1940f7033af0d7ef57001b8285e3da98ea86457ab8","2023-08-17 10:55:43+00","0xd6532b1cf77a6da3e7b4d2a23a01916b0619e87e","0x39fde572a18448f8139b7788099f0a0740f51205","5130262249482480315705","203.50621707631203"
"arbitrum","0x7873847dadfecf0671dec9d1c57c97b8be0a25711241854a528fb30cb69b6f60","2023-08-17 14:46:04+00","0xb08de4da9ab2f2675268a2515d226c2ce371d26f","0x82af49447d8a07e3bd95bd0d56f35241523fbab1","563365189317342648","1003.081200603552"
"arbitrum","0x3fb8b92c701ec3f6f284b6eae530415bc19c55c1cd4e6918d432ea9d200ea696","2023-08-17 14:51:27+00","0x5e0690f80279947fdfd9ba92822b28ccf01fe3f8","0x6f3b31296fd2457eba6dca3bed65ec79e06c1295","19199294363469235754","18.437088540519998"
"arbitrum","0x62cec0af7db3609a6e5753e15d0e11c0ffe010f0e1838f594c6bcb27de1bbe77","2023-08-17 14:53:42+00","0x5e0690f80279947fdfd9ba92822b28ccf01fe3f8","0xc9f52540976385a84bf416903e1ca3983c539e34","14551044057729972","51.71659348970257"
"arbitrum","0x44559c92f0fc75938ca786f416c6a598ff6c35d3fe72dcefba6f2023f245219b","2023-08-17 14:57:40+00","0x5e0690f80279947fdfd9ba92822b28ccf01fe3f8","0x32df62dc3aed2cd6224193052ce665dc18165841","690011365803261024538","180.88327049194012"
"arbitrum","0x9aef0cff2f6e52a31c5842e4cb288db271f0299491171177b5517b2c599f8285","2023-08-17 14:58:16+00","0x141f6a444ab4ec550db20c829b25b15feae89f15","0x3082cc23568ea640225c2467653db90e9250aaa0","17970589298049939622891","4793.452358018903"
"arbitrum","0xe5910debcc697402749bf08335a6cc9599326dca6779ed02f030a4aad9363a65","2023-08-17 14:58:30+00","0xb08de4da9ab2f2675268a2515d226c2ce371d26f","0x6c84a8f1c29108f47a79964b5fe888d4f4d0de40","3907787316939076","110.849643731457"
"arbitrum","0x094d48d68fbf8d6a6407274ebf4869db597f2140024605aceacf8dcabde6db2d","2023-08-17 14:59:50+00","0x5e0690f80279947fdfd9ba92822b28ccf01fe3f8","0xbcaa6c053cab3dd73a2e898d89a4f84a180ae1ca","350053224916574083480","193.8992046438015"
"arbitrum","0x367ba7221ab2680b28a5a0aff840fb813643128ae9db03704fd8e516defb30d5","2023-08-17 15:00:30+00","0x5e0690f80279947fdfd9ba92822b28ccf01fe3f8","0xc7fa3a3527435720f0e2a4c1378335324dd4f9b3","4032223438779012588","203.87782877819862"
"arbitrum","0xae1b3b297e02aa25079586820dca6007a0bd53d772b815ca0afb1dd851bba487","2023-08-17 15:10:13+00","0x141f6a444ab4ec550db20c829b25b15feae89f15","0xc6eee8cb7643ec2f05f46d569e9ec8ef8b41b389","106606640705295633967","106.85123102230402"
"optimism","0x987aceaebf8ce063e87de9aa26cffbef9822f34aa8c5406fc23fe32d99360a65","2023-08-17 16:53:41+00","0xd6532b1cf77a6da3e7b4d2a23a01916b0619e87e","0x4200000000000000000000000000000000000006","442325005702031509","769.8720992196301"
"polygon","0x78d98e693a4b45711ae85ba5c66b1bcd509c142f96baedf49318a089ef031aa7","2023-08-17 17:30:38+00","0x5472d1eeae98167b580d7eaa552ea48471fbb411","0x0d500b1d8e8ef31e21c99d1db9a6444d3adf1270","318581767444669667950","192.19682747630398"
"polygon","0x9088281b52e753ff396403937788313daf9140a20801e9befc036479804f4a28","2023-08-17 17:31:10+00","0x5472d1eeae98167b580d7eaa552ea48471fbb411","0x385eeac5cb85a38a9a07a70c73e0a3271cfb54a7","266270892253802868117","220.511495413608"
"arbitrum","0x110207c2dcb3f2b551392127792b147ae7c3448a744d5bedaf1c9f0748924074","2023-08-17 17:45:13+00","0xb08de4da9ab2f2675268a2515d226c2ce371d26f","0x040d1edc9569d4bab2d15287dc5a4f10f56a56b8","49681770581145638839","190.298798483898"
"arbitrum","0x42fec38fdb896ad4aaa4e990a875bdd735391af7d9021fc9371b68187b579bbe","2023-08-17 17:46:18+00","0xb08de4da9ab2f2675268a2515d226c2ce371d26f","0x82af49447d8a07e3bd95bd0d56f35241523fbab1","130534824780684705","227.15734925167598"
"arbitrum","0x7c0bcac2c8d6b630f74cd878c56ac82414f98462803a4fcf0b907c404e116c7b","2023-08-17 17:47:00+00","0xb08de4da9ab2f2675268a2515d226c2ce371d26f","0x5979d7b546e38e414f7e9822514be443a4800529","109872659817230001","217.00821307700397"
"arbitrum","0xc003f44d4e7eb7fac769fba6aec97552c9fb5fa6a1fdc881437cab062ed7441e","2023-08-17 17:51:20+00","0xb08de4da9ab2f2675268a2515d226c2ce371d26f","0x912ce59144191c1204e64559fe8253a0e49e6548","204367693621151879246","210.816054372841"
"arbitrum","0x003f2b66e69c1698086e21effb7477daeeb94074d8d9ead63b9740e7312bb390","2023-08-17 20:57:30+00","0x5e0690f80279947fdfd9ba92822b28ccf01fe3f8","0x32df62dc3aed2cd6224193052ce665dc18165841","199335372649035718400","50.68491355659042"
"arbitrum","0x4e469dad3c14e9f9139d66b1cba9a76c35645ebba7b0aeea880e03f82b6dc48b","2023-08-17 20:58:15+00","0xb08de4da9ab2f2675268a2515d226c2ce371d26f","0x3082cc23568ea640225c2467653db90e9250aaa0","778376200838133566358","201.421462635279"
"optimism","0x936a4f2ced081e261f1aed45dfcfe02158028b4225ddddf1d5a427cdcb24909b","2023-08-17 22:53:45+00","0xd6532b1cf77a6da3e7b4d2a23a01916b0619e87e","0x4200000000000000000000000000000000000006","173241395116274047","284.725627028667"
"optimism","0x0aacf41b4ceb7598a66fb25ce6ba807cd9fe6a48709d8bcea02f8db12c632403","2023-08-17 22:54:23+00","0x8f57e6e900f834721b32d33fd0497c0cc3bdc9c2","0x1f32b1c2345538c0c6f582fcb022739c4a194ebb","105510660173359907","197.005892098004"
"polygon","0x267d54298d77bde167f6787aae9241f9bbb37a1f46493bd0050b69b2505e60da","2023-08-17 23:31:15+00","0xf36871c460d452802dab7af5e3b2a9eb2b74cf38","0xdf7837de1f2fa4631d716cf2502f8b230f1dcc32","32971856","367.698576015891"
"arbitrum","0xac427b2aeb57275cebd865b3bc935b7d5080db68b6d8a7a99a54cffc13d62a6d","2023-08-17 23:57:24+00","0x5e0690f80279947fdfd9ba92822b28ccf01fe3f8","0x32df62dc3aed2cd6224193052ce665dc18165841","1583046049603070028796","377.3561379889428"
"polygon","0x8f7e75c7604e7f91595903001848ee5c31322ed19b71dc7add1eef151d0fec44","2023-08-18 03:01:47+00","0xaa3605b38827a1c7721e73bf4fa3c8fa2dd488ed","0xf0ad209e2e969eaaa8c882aac71f02d8a047d5c2","308495175313909258459","134.1456295967005"
"optimism","0x6bce5ff1689e1e225a73a596dbfc870d8693326948a1d8376b46a751262ddd4d","2023-08-18 04:57:53+00","0xc003b5e1f2e6b4758a1b01b6848921733fcd178e","0x7ca75bdea9dede97f8b13c6641b768650cb83782","76151696474351737","53.61657010670593"
"polygon","0x900edcdf468e6bbb98c0bd2b4a8655ce44ba32aba332057b6c8904fb36a2b218","2023-08-18 05:30:31+00","0x5472d1eeae98167b580d7eaa552ea48471fbb411","0x0d500b1d8e8ef31e21c99d1db9a6444d3adf1270","375815744848651710778","214.87114650959998"
"polygon","0x90a78929339b34ada36ad37e02ae419317d96ddc09701bbaff59ebd6f956d1df","2023-08-18 05:33:33+00","0x5472d1eeae98167b580d7eaa552ea48471fbb411","0x3a58a54c066fdc0f2d55fc9c89f0415c92ebf3c4","218823923130516483741","135.48903558479998"
"arbitrum","0x37fcc5d8b8192c303c575722683b73eef9ed6ec7313c24c0647de11ec7dc6369","2023-08-18 06:41:26+00","0xb08de4da9ab2f2675268a2515d226c2ce371d26f","0x82af49447d8a07e3bd95bd0d56f35241523fbab1","341197304645115945","578.910193838208"
"arbitrum","0xf337bfd4b999b6ee3ae38aeb1bbc57103c6e9dff713b3d4fb4d529c5b5e2c146","2023-08-18 06:48:44+00","0x5e0690f80279947fdfd9ba92822b28ccf01fe3f8","0xc9f52540976385a84bf416903e1ca3983c539e34","19206864474414140","64.6478460941475"
"arbitrum","0xf2fde35bd3e5bb683673bceabe34af99303e22f95938571fa4b1fa53954cce49","2023-08-18 06:52:34+00","0x5e0690f80279947fdfd9ba92822b28ccf01fe3f8","0x32df62dc3aed2cd6224193052ce665dc18165841","638591134238382670879","155.47659090197627"
"arbitrum","0x0c7171df1a6fbd0ed9c487dd4f8f3e9f628642874109bf41f0b2e1ea6d8e4157","2023-08-18 06:54:59+00","0x5e0690f80279947fdfd9ba92822b28ccf01fe3f8","0xc7fa3a3527435720f0e2a4c1378335324dd4f9b3","1592884270646799672","78.64890565180403"
"arbitrum","0x597f2f3a40c3d164f03a3badfc38673d45763868d1ade72c716485377244572e","2023-08-18 06:55:55+00","0xb08de4da9ab2f2675268a2515d226c2ce371d26f","0x1509706a6c66ca549ff0cb464de88231ddbe213b","336962740377730475548","362.013952732716"
"arbitrum","0x840a8608d625ee0ea5a4e1258c4aa3daca96728a0151cdba0f98b9fb20aa4911","2023-08-18 07:04:25+00","0x141f6a444ab4ec550db20c829b25b15feae89f15","0xc6eee8cb7643ec2f05f46d569e9ec8ef8b41b389","193393023692972278787","193.84350239718"
"arbitrum","0x4af716673c25706ecc228884e9a9c7e53186408766916b4a14e572eb389fd5e1","2023-08-18 07:04:52+00","0x141f6a444ab4ec550db20c829b25b15feae89f15","0x45c4d1376943ab28802b995acffc04903eb5223f","177434506081702461","300.52882885700996"
"arbitrum","0x8632316f8ecc275a09126120d4a5d73a026382d315218d13f9ec7cf14048b01c","2023-08-18 07:05:29+00","0x141f6a444ab4ec550db20c829b25b15feae89f15","0xbe0f30217be1e981add883848d0773a86d2d2cd4","63680906876420180","107.88127979304998"
"arbitrum","0x260b206193c4bfa59700b68460e1d6a23a11688114aafa76d05873e397345558","2023-08-18 09:41:26+00","0xb08de4da9ab2f2675268a2515d226c2ce371d26f","0x82af49447d8a07e3bd95bd0d56f35241523fbab1","129797786306222012","219.09052268129003"
"arbitrum","0x4b555d72c9958a1f957a04053049069f1b66c037123e1c031458f7a0551e37f0","2023-08-18 09:52:34+00","0x5e0690f80279947fdfd9ba92822b28ccf01fe3f8","0x32df62dc3aed2cd6224193052ce665dc18165841","102462173554792101069","24.797447064387452"
"arbitrum","0x1585d6fe5aa48d30b27398849e5abe66934f5f7d18d7b97c0d4182b17d3f9972","2023-08-18 09:53:14+00","0xb08de4da9ab2f2675268a2515d226c2ce371d26f","0x3082cc23568ea640225c2467653db90e9250aaa0","9164322633250688370287","2250.641569042244"
"optimism","0xa6df7a5fbac33a74915bd6ee6a49d913517bed9c79051c99d46d752effcbb5f8","2023-08-18 10:05:23+00","0xd6532b1cf77a6da3e7b4d2a23a01916b0619e87e","0x4200000000000000000000000000000000000006","103400482120514911","174.370781557621"
